TASKID,CHUNK,ITERATION,METHOD,VALUE
027fe06f22ef7bc413479dbbcaee9eb6,5,1,SET,333333.31
027fe06f22ef7bc413479dbbcaee9eb6,5,1,GET,431034.50
027fe06f22ef7bc413479dbbcaee9eb6,5,2,SET,378787.88
027fe06f22ef7bc413479dbbcaee9eb6,5,2,GET,460829.50
027fe06f22ef7bc413479dbbcaee9eb6,5,3,SET,378787.88
027fe06f22ef7bc413479dbbcaee9eb6,5,3,GET,458715.59
027fe06f22ef7bc413479dbbcaee9eb6,5,4,SET,380228.12
027fe06f22ef7bc413479dbbcaee9eb6,5,4,GET,456621.00
027fe06f22ef7bc413479dbbcaee9eb6,5,5,SET,375939.84
027fe06f22ef7bc413479dbbcaee9eb6,5,5,GET,395256.94
038b80c19c8ed4560b9e9756bbfcd62a,5,1,SET,248138.95
038b80c19c8ed4560b9e9756bbfcd62a,5,1,GET,310559.00
038b80c19c8ed4560b9e9756bbfcd62a,5,2,SET,249376.56
038b80c19c8ed4560b9e9756bbfcd62a,5,2,GET,307692.31
038b80c19c8ed4560b9e9756bbfcd62a,5,3,SET,247524.75
038b80c19c8ed4560b9e9756bbfcd62a,5,3,GET,308641.97
038b80c19c8ed4560b9e9756bbfcd62a,5,4,SET,247524.75
038b80c19c8ed4560b9e9756bbfcd62a,5,4,GET,306748.47
038b80c19c8ed4560b9e9756bbfcd62a,5,5,SET,246913.58
038b80c19c8ed4560b9e9756bbfcd62a,5,5,GET,295858.00
0487c432c8ebe37fe9c57cec7958dd92,5,1,SET,255102.05
0487c432c8ebe37fe9c57cec7958dd92,5,1,GET,315457.41
0487c432c8ebe37fe9c57cec7958dd92,5,2,SET,248138.95
0487c432c8ebe37fe9c57cec7958dd92,5,2,GET,316455.69
0487c432c8ebe37fe9c57cec7958dd92,5,3,SET,249376.56
0487c432c8ebe37fe9c57cec7958dd92,5,3,GET,317460.31
0487c432c8ebe37fe9c57cec7958dd92,5,4,SET,255754.47
0487c432c8ebe37fe9c57cec7958dd92,5,4,GET,303951.38
0487c432c8ebe37fe9c57cec7958dd92,5,5,SET,256410.27
0487c432c8ebe37fe9c57cec7958dd92,5,5,GET,316455.69
055aaedc9dc6a0a5a5d82bbe20082b0f,5,1,SET,392156.88
055aaedc9dc6a0a5a5d82bbe20082b0f,5,1,GET,456621.00
055aaedc9dc6a0a5a5d82bbe20082b0f,5,2,SET,396825.38
055aaedc9dc6a0a5a5d82bbe20082b0f,5,2,GET,483091.78
055aaedc9dc6a0a5a5d82bbe20082b0f,5,3,SET,392156.88
055aaedc9dc6a0a5a5d82bbe20082b0f,5,3,GET,456621.00
055aaedc9dc6a0a5a5d82bbe20082b0f,5,4,SET,390624.97
055aaedc9dc6a0a5a5d82bbe20082b0f,5,4,GET,454545.47
055aaedc9dc6a0a5a5d82bbe20082b0f,5,5,SET,348432.06
055aaedc9dc6a0a5a5d82bbe20082b0f,5,5,GET,478468.88
0c41ceca9ef35858191bb429f61adccc,5,1,SET,257731.95
0c41ceca9ef35858191bb429f61adccc,5,1,GET,319488.81
0c41ceca9ef35858191bb429f61adccc,5,2,SET,257731.95
0c41ceca9ef35858191bb429f61adccc,5,2,GET,321543.41
0c41ceca9ef35858191bb429f61adccc,5,3,SET,257731.95
0c41ceca9ef35858191bb429f61adccc,5,3,GET,319488.81
0c41ceca9ef35858191bb429f61adccc,5,4,SET,258397.94
0c41ceca9ef35858191bb429f61adccc,5,4,GET,316455.69
0c41ceca9ef35858191bb429f61adccc,5,5,SET,257069.41
0c41ceca9ef35858191bb429f61adccc,5,5,GET,313479.62
0d7fb2de1d3e091e4b5ff432a3b5ecd1,5,1,SET,296735.91
0d7fb2de1d3e091e4b5ff432a3b5ecd1,5,1,GET,347222.25
0d7fb2de1d3e091e4b5ff432a3b5ecd1,5,2,SET,298507.47
0d7fb2de1d3e091e4b5ff432a3b5ecd1,5,2,GET,363636.34
0d7fb2de1d3e091e4b5ff432a3b5ecd1,5,3,SET,246305.42
0d7fb2de1d3e091e4b5ff432a3b5ecd1,5,3,GET,342465.75
0d7fb2de1d3e091e4b5ff432a3b5ecd1,5,4,SET,294985.25
0d7fb2de1d3e091e4b5ff432a3b5ecd1,5,4,GET,358422.91
0d7fb2de1d3e091e4b5ff432a3b5ecd1,5,5,SET,292397.66
0d7fb2de1d3e091e4b5ff432a3b5ecd1,5,5,GET,337837.84
0fd7ce2711a51bb6582e63d6f3831b28,5,1,SET,490196.09
0fd7ce2711a51bb6582e63d6f3831b28,5,1,GET,558659.19
0fd7ce2711a51bb6582e63d6f3831b28,5,2,SET,462962.94
0fd7ce2711a51bb6582e63d6f3831b28,5,2,GET,558659.19
0fd7ce2711a51bb6582e63d6f3831b28,5,3,SET,487804.88
0fd7ce2711a51bb6582e63d6f3831b28,5,3,GET,555555.56
0fd7ce2711a51bb6582e63d6f3831b28,5,4,SET,462962.94
0fd7ce2711a51bb6582e63d6f3831b28,5,4,GET,558659.19
0fd7ce2711a51bb6582e63d6f3831b28,5,5,SET,460829.50
0fd7ce2711a51bb6582e63d6f3831b28,5,5,GET,520833.34
0fed10b8748ed5c2f652a5b7df917985,5,1,SET,303951.38
0fed10b8748ed5c2f652a5b7df917985,5,1,GET,369003.69
0fed10b8748ed5c2f652a5b7df917985,5,2,SET,305810.41
0fed10b8748ed5c2f652a5b7df917985,5,2,GET,353356.91
0fed10b8748ed5c2f652a5b7df917985,5,3,SET,264550.28
0fed10b8748ed5c2f652a5b7df917985,5,3,GET,367647.03
0fed10b8748ed5c2f652a5b7df917985,5,4,SET,303951.38
0fed10b8748ed5c2f652a5b7df917985,5,4,GET,363636.34
0fed10b8748ed5c2f652a5b7df917985,5,5,SET,302114.81
0fed10b8748ed5c2f652a5b7df917985,5,5,GET,363636.34
10fef362f1cecea2e6811375ea2b1316,5,1,SET,305810.41
10fef362f1cecea2e6811375ea2b1316,5,1,GET,355871.91
10fef362f1cecea2e6811375ea2b1316,5,2,SET,294117.66
10fef362f1cecea2e6811375ea2b1316,5,2,GET,371747.22
10fef362f1cecea2e6811375ea2b1316,5,3,SET,303030.28
10fef362f1cecea2e6811375ea2b1316,5,3,GET,371747.22
10fef362f1cecea2e6811375ea2b1316,5,4,SET,280112.06
10fef362f1cecea2e6811375ea2b1316,5,4,GET,366300.38
10fef362f1cecea2e6811375ea2b1316,5,5,SET,303951.38
10fef362f1cecea2e6811375ea2b1316,5,5,GET,349650.34
1258ad7ef3f32c89b39ff1bca943a026,5,1,SET,465116.28
1258ad7ef3f32c89b39ff1bca943a026,5,1,GET,584795.31
1258ad7ef3f32c89b39ff1bca943a026,5,2,SET,476190.50
1258ad7ef3f32c89b39ff1bca943a026,5,2,GET,588235.31
1258ad7ef3f32c89b39ff1bca943a026,5,3,SET,469483.56
1258ad7ef3f32c89b39ff1bca943a026,5,3,GET,598802.44
1258ad7ef3f32c89b39ff1bca943a026,5,4,SET,473933.66
1258ad7ef3f32c89b39ff1bca943a026,5,4,GET,591716.00
1258ad7ef3f32c89b39ff1bca943a026,5,5,SET,476190.50
1258ad7ef3f32c89b39ff1bca943a026,5,5,GET,588235.31
12e37eb8efaac786ea5c8ac879637c5b,5,1,SET,392156.88
12e37eb8efaac786ea5c8ac879637c5b,5,1,GET,454545.47
12e37eb8efaac786ea5c8ac879637c5b,5,2,SET,392156.88
12e37eb8efaac786ea5c8ac879637c5b,5,2,GET,476190.50
12e37eb8efaac786ea5c8ac879637c5b,5,3,SET,390624.97
12e37eb8efaac786ea5c8ac879637c5b,5,3,GET,452488.69
12e37eb8efaac786ea5c8ac879637c5b,5,4,SET,393700.78
12e37eb8efaac786ea5c8ac879637c5b,5,4,GET,454545.47
12e37eb8efaac786ea5c8ac879637c5b,5,5,SET,393700.78
12e37eb8efaac786ea5c8ac879637c5b,5,5,GET,478468.88
1b12e9dc03f51242c5dbb18979f1d5c9,5,1,SET,369003.69
1b12e9dc03f51242c5dbb18979f1d5c9,5,1,GET,448430.47
1b12e9dc03f51242c5dbb18979f1d5c9,5,2,SET,353356.91
1b12e9dc03f51242c5dbb18979f1d5c9,5,2,GET,421940.94
1b12e9dc03f51242c5dbb18979f1d5c9,5,3,SET,335570.47
1b12e9dc03f51242c5dbb18979f1d5c9,5,3,GET,440528.62
1b12e9dc03f51242c5dbb18979f1d5c9,5,4,SET,348432.06
1b12e9dc03f51242c5dbb18979f1d5c9,5,4,GET,438596.50
1b12e9dc03f51242c5dbb18979f1d5c9,5,5,SET,367647.03
1b12e9dc03f51242c5dbb18979f1d5c9,5,5,GET,438596.50
1e265fca638f1eddd34ffa623a9205a6,5,1,SET,369003.69
1e265fca638f1eddd34ffa623a9205a6,5,1,GET,465116.28
1e265fca638f1eddd34ffa623a9205a6,5,2,SET,369003.69
1e265fca638f1eddd34ffa623a9205a6,5,2,GET,446428.56
1e265fca638f1eddd34ffa623a9205a6,5,3,SET,369003.69
1e265fca638f1eddd34ffa623a9205a6,5,3,GET,462962.94
1e265fca638f1eddd34ffa623a9205a6,5,4,SET,369003.69
1e265fca638f1eddd34ffa623a9205a6,5,4,GET,465116.28
1e265fca638f1eddd34ffa623a9205a6,5,5,SET,352112.66
1e265fca638f1eddd34ffa623a9205a6,5,5,GET,460829.50
1e587ffd73b4ea0432f47f66188bc818,5,1,SET,344827.59
1e587ffd73b4ea0432f47f66188bc818,5,1,GET,440528.62
1e587ffd73b4ea0432f47f66188bc818,5,2,SET,352112.66
1e587ffd73b4ea0432f47f66188bc818,5,2,GET,413223.16
1e587ffd73b4ea0432f47f66188bc818,5,3,SET,349650.34
1e587ffd73b4ea0432f47f66188bc818,5,3,GET,440528.62
1e587ffd73b4ea0432f47f66188bc818,5,4,SET,348432.06
1e587ffd73b4ea0432f47f66188bc818,5,4,GET,436681.22
1e587ffd73b4ea0432f47f66188bc818,5,5,SET,337837.84
1e587ffd73b4ea0432f47f66188bc818,5,5,GET,436681.22
209a7f06186f63957741c5cd1a8ba0c3,5,1,SET,507614.22
209a7f06186f63957741c5cd1a8ba0c3,5,1,GET,588235.31
209a7f06186f63957741c5cd1a8ba0c3,5,2,SET,507614.22
209a7f06186f63957741c5cd1a8ba0c3,5,2,GET,581395.31
209a7f06186f63957741c5cd1a8ba0c3,5,3,SET,510204.09
209a7f06186f63957741c5cd1a8ba0c3,5,3,GET,588235.31
209a7f06186f63957741c5cd1a8ba0c3,5,4,SET,507614.22
209a7f06186f63957741c5cd1a8ba0c3,5,4,GET,584795.31
209a7f06186f63957741c5cd1a8ba0c3,5,5,SET,510204.09
209a7f06186f63957741c5cd1a8ba0c3,5,5,GET,588235.31
256d5a26dd5df5155cbde4c9552dd377,5,1,SET,398406.41
256d5a26dd5df5155cbde4c9552dd377,5,1,GET,492610.84
256d5a26dd5df5155cbde4c9552dd377,5,2,SET,401606.44
256d5a26dd5df5155cbde4c9552dd377,5,2,GET,490196.09
256d5a26dd5df5155cbde4c9552dd377,5,3,SET,400000.00
256d5a26dd5df5155cbde4c9552dd377,5,3,GET,487804.88
256d5a26dd5df5155cbde4c9552dd377,5,4,SET,400000.00
256d5a26dd5df5155cbde4c9552dd377,5,4,GET,487804.88
256d5a26dd5df5155cbde4c9552dd377,5,5,SET,401606.44
256d5a26dd5df5155cbde4c9552dd377,5,5,GET,487804.88
270272f4576985b241c8e6f15e4e04db,5,1,SET,291545.19
270272f4576985b241c8e6f15e4e04db,5,1,GET,378787.88
270272f4576985b241c8e6f15e4e04db,5,2,SET,314465.41
270272f4576985b241c8e6f15e4e04db,5,2,GET,383141.75
270272f4576985b241c8e6f15e4e04db,5,3,SET,310559.00
270272f4576985b241c8e6f15e4e04db,5,3,GET,347222.25
270272f4576985b241c8e6f15e4e04db,5,4,SET,312500.00
270272f4576985b241c8e6f15e4e04db,5,4,GET,362318.84
270272f4576985b241c8e6f15e4e04db,5,5,SET,299401.22
270272f4576985b241c8e6f15e4e04db,5,5,GET,374531.84
2995d05a44ae6e76775aca7a5d47fc1e,5,1,SET,303951.38
2995d05a44ae6e76775aca7a5d47fc1e,5,1,GET,374531.84
2995d05a44ae6e76775aca7a5d47fc1e,5,2,SET,280112.06
2995d05a44ae6e76775aca7a5d47fc1e,5,2,GET,370370.34
2995d05a44ae6e76775aca7a5d47fc1e,5,3,SET,302114.81
2995d05a44ae6e76775aca7a5d47fc1e,5,3,GET,369003.69
2995d05a44ae6e76775aca7a5d47fc1e,5,4,SET,303030.28
2995d05a44ae6e76775aca7a5d47fc1e,5,4,GET,366300.38
2995d05a44ae6e76775aca7a5d47fc1e,5,5,SET,300300.28
2995d05a44ae6e76775aca7a5d47fc1e,5,5,GET,363636.34
2abe9fbb5841a5535b46204f55a02e28,5,1,SET,278551.53
2abe9fbb5841a5535b46204f55a02e28,5,1,GET,373134.31
2abe9fbb5841a5535b46204f55a02e28,5,2,SET,289017.34
2abe9fbb5841a5535b46204f55a02e28,5,2,GET,370370.34
2abe9fbb5841a5535b46204f55a02e28,5,3,SET,288184.44
2abe9fbb5841a5535b46204f55a02e28,5,3,GET,337837.84
2abe9fbb5841a5535b46204f55a02e28,5,4,SET,288184.44
2abe9fbb5841a5535b46204f55a02e28,5,4,GET,364963.53
2abe9fbb5841a5535b46204f55a02e28,5,5,SET,286532.94
2abe9fbb5841a5535b46204f55a02e28,5,5,GET,336700.34
2c5a4f3e509aca629b65a76bbeed5e1e,5,1,SET,285714.28
2c5a4f3e509aca629b65a76bbeed5e1e,5,1,GET,327868.84
2c5a4f3e509aca629b65a76bbeed5e1e,5,2,SET,286532.94
2c5a4f3e509aca629b65a76bbeed5e1e,5,2,GET,362318.84
2c5a4f3e509aca629b65a76bbeed5e1e,5,3,SET,295858.00
2c5a4f3e509aca629b65a76bbeed5e1e,5,3,GET,344827.59
2c5a4f3e509aca629b65a76bbeed5e1e,5,4,SET,295858.00
2c5a4f3e509aca629b65a76bbeed5e1e,5,4,GET,311526.47
2c5a4f3e509aca629b65a76bbeed5e1e,5,5,SET,294117.66
2c5a4f3e509aca629b65a76bbeed5e1e,5,5,GET,314465.41
2d53f8288f487c6355d33477557186b1,5,1,SET,245700.25
2d53f8288f487c6355d33477557186b1,5,1,GET,303030.28
2d53f8288f487c6355d33477557186b1,5,2,SET,245700.25
2d53f8288f487c6355d33477557186b1,5,2,GET,303030.28
2d53f8288f487c6355d33477557186b1,5,3,SET,236966.83
2d53f8288f487c6355d33477557186b1,5,3,GET,300300.28
2d53f8288f487c6355d33477557186b1,5,4,SET,229357.80
2d53f8288f487c6355d33477557186b1,5,4,GET,299401.22
2d53f8288f487c6355d33477557186b1,5,5,SET,243902.44
2d53f8288f487c6355d33477557186b1,5,5,GET,299401.22
2e6ce723a21d485a62f6cfaa8989ce0f,5,1,SET,367647.03
2e6ce723a21d485a62f6cfaa8989ce0f,5,1,GET,480769.22
2e6ce723a21d485a62f6cfaa8989ce0f,5,2,SET,378787.88
2e6ce723a21d485a62f6cfaa8989ce0f,5,2,GET,478468.88
2e6ce723a21d485a62f6cfaa8989ce0f,5,3,SET,377358.50
2e6ce723a21d485a62f6cfaa8989ce0f,5,3,GET,469483.56
2e6ce723a21d485a62f6cfaa8989ce0f,5,4,SET,377358.50
2e6ce723a21d485a62f6cfaa8989ce0f,5,4,GET,476190.50
2e6ce723a21d485a62f6cfaa8989ce0f,5,5,SET,374531.84
2e6ce723a21d485a62f6cfaa8989ce0f,5,5,GET,473933.66
3230d4baef2748d42694d56d5442f3ef,5,1,SET,649350.62
3230d4baef2748d42694d56d5442f3ef,5,1,GET,751879.69
3230d4baef2748d42694d56d5442f3ef,5,2,SET,653594.81
3230d4baef2748d42694d56d5442f3ef,5,2,GET,769230.81
3230d4baef2748d42694d56d5442f3ef,5,3,SET,649350.62
3230d4baef2748d42694d56d5442f3ef,5,3,GET,751879.69
3230d4baef2748d42694d56d5442f3ef,5,4,SET,649350.62
3230d4baef2748d42694d56d5442f3ef,5,4,GET,775193.81
3230d4baef2748d42694d56d5442f3ef,5,5,SET,649350.62
3230d4baef2748d42694d56d5442f3ef,5,5,GET,751879.69
32b05e758c6ba9834497fa99e2ded677,5,1,SET,309597.50
32b05e758c6ba9834497fa99e2ded677,5,1,GET,395256.94
32b05e758c6ba9834497fa99e2ded677,5,2,SET,280112.06
32b05e758c6ba9834497fa99e2ded677,5,2,GET,392156.88
32b05e758c6ba9834497fa99e2ded677,5,3,SET,319488.81
32b05e758c6ba9834497fa99e2ded677,5,3,GET,389105.06
32b05e758c6ba9834497fa99e2ded677,5,4,SET,319488.81
32b05e758c6ba9834497fa99e2ded677,5,4,GET,387596.91
32b05e758c6ba9834497fa99e2ded677,5,5,SET,319488.81
32b05e758c6ba9834497fa99e2ded677,5,5,GET,384615.41
345ec798fc32299811a763c136f9be87,5,1,SET,313479.62
345ec798fc32299811a763c136f9be87,5,1,GET,353356.91
345ec798fc32299811a763c136f9be87,5,2,SET,315457.41
345ec798fc32299811a763c136f9be87,5,2,GET,381679.41
345ec798fc32299811a763c136f9be87,5,3,SET,302114.81
345ec798fc32299811a763c136f9be87,5,3,GET,381679.41
345ec798fc32299811a763c136f9be87,5,4,SET,302114.81
345ec798fc32299811a763c136f9be87,5,4,GET,364963.53
345ec798fc32299811a763c136f9be87,5,5,SET,300300.28
345ec798fc32299811a763c136f9be87,5,5,GET,380228.12
3520460e0b00d0bcbd89ef44101764bf,5,1,SET,285714.28
3520460e0b00d0bcbd89ef44101764bf,5,1,GET,369003.69
3520460e0b00d0bcbd89ef44101764bf,5,2,SET,287356.34
3520460e0b00d0bcbd89ef44101764bf,5,2,GET,367647.03
3520460e0b00d0bcbd89ef44101764bf,5,3,SET,285714.28
3520460e0b00d0bcbd89ef44101764bf,5,3,GET,366300.38
3520460e0b00d0bcbd89ef44101764bf,5,4,SET,285714.28
3520460e0b00d0bcbd89ef44101764bf,5,4,GET,364963.53
3520460e0b00d0bcbd89ef44101764bf,5,5,SET,281690.16
3520460e0b00d0bcbd89ef44101764bf,5,5,GET,362318.84
35bb50d19aede3add785f0e1b07fb4ff,5,1,SET,259067.36
35bb50d19aede3add785f0e1b07fb4ff,5,1,GET,319488.81
35bb50d19aede3add785f0e1b07fb4ff,5,2,SET,259067.36
35bb50d19aede3add785f0e1b07fb4ff,5,2,GET,293255.12
35bb50d19aede3add785f0e1b07fb4ff,5,3,SET,257731.95
35bb50d19aede3add785f0e1b07fb4ff,5,3,GET,317460.31
35bb50d19aede3add785f0e1b07fb4ff,5,4,SET,257069.41
35bb50d19aede3add785f0e1b07fb4ff,5,4,GET,317460.31
35bb50d19aede3add785f0e1b07fb4ff,5,5,SET,257069.41
35bb50d19aede3add785f0e1b07fb4ff,5,5,GET,317460.31
376a36c90fff3b4e10b011243ae3ccf1,5,1,SET,512820.53
376a36c90fff3b4e10b011243ae3ccf1,5,1,GET,549450.56
376a36c90fff3b4e10b011243ae3ccf1,5,2,SET,515463.91
376a36c90fff3b4e10b011243ae3ccf1,5,2,GET,591716.00
376a36c90fff3b4e10b011243ae3ccf1,5,3,SET,512820.53
376a36c90fff3b4e10b011243ae3ccf1,5,3,GET,584795.31
376a36c90fff3b4e10b011243ae3ccf1,5,4,SET,510204.09
376a36c90fff3b4e10b011243ae3ccf1,5,4,GET,584795.31
376a36c90fff3b4e10b011243ae3ccf1,5,5,SET,510204.09
376a36c90fff3b4e10b011243ae3ccf1,5,5,GET,584795.31
4178e3e53bb939b4b20a028320698a07,5,1,SET,500000.00
4178e3e53bb939b4b20a028320698a07,5,1,GET,574712.69
4178e3e53bb939b4b20a028320698a07,5,2,SET,465116.28
4178e3e53bb939b4b20a028320698a07,5,2,GET,568181.81
4178e3e53bb939b4b20a028320698a07,5,3,SET,497512.44
4178e3e53bb939b4b20a028320698a07,5,3,GET,526315.81
4178e3e53bb939b4b20a028320698a07,5,4,SET,497512.44
4178e3e53bb939b4b20a028320698a07,5,4,GET,568181.81
4178e3e53bb939b4b20a028320698a07,5,5,SET,497512.44
4178e3e53bb939b4b20a028320698a07,5,5,GET,574712.69
41c54ac3e6b67a2317bc428a3d7cae95,5,1,SET,306748.47
41c54ac3e6b67a2317bc428a3d7cae95,5,1,GET,403225.81
41c54ac3e6b67a2317bc428a3d7cae95,5,2,SET,307692.31
41c54ac3e6b67a2317bc428a3d7cae95,5,2,GET,400000.00
41c54ac3e6b67a2317bc428a3d7cae95,5,3,SET,294117.66
41c54ac3e6b67a2317bc428a3d7cae95,5,3,GET,387596.91
41c54ac3e6b67a2317bc428a3d7cae95,5,4,SET,305810.41
41c54ac3e6b67a2317bc428a3d7cae95,5,4,GET,398406.41
41c54ac3e6b67a2317bc428a3d7cae95,5,5,SET,303951.38
41c54ac3e6b67a2317bc428a3d7cae95,5,5,GET,393700.78
43251d1ed741f872b6ba670e33f4bc40,5,1,SET,287356.34
43251d1ed741f872b6ba670e33f4bc40,5,1,GET,369003.69
43251d1ed741f872b6ba670e33f4bc40,5,2,SET,284090.91
43251d1ed741f872b6ba670e33f4bc40,5,2,GET,373134.31
43251d1ed741f872b6ba670e33f4bc40,5,3,SET,286532.94
43251d1ed741f872b6ba670e33f4bc40,5,3,GET,371747.22
43251d1ed741f872b6ba670e33f4bc40,5,4,SET,285714.28
43251d1ed741f872b6ba670e33f4bc40,5,4,GET,362318.84
43251d1ed741f872b6ba670e33f4bc40,5,5,SET,284900.28
43251d1ed741f872b6ba670e33f4bc40,5,5,GET,364963.53
4719e8f636b40046677b56208bc440fe,5,1,SET,352112.66
4719e8f636b40046677b56208bc440fe,5,1,GET,442477.88
4719e8f636b40046677b56208bc440fe,5,2,SET,352112.66
4719e8f636b40046677b56208bc440fe,5,2,GET,442477.88
4719e8f636b40046677b56208bc440fe,5,3,SET,343642.59
4719e8f636b40046677b56208bc440fe,5,3,GET,431034.50
4719e8f636b40046677b56208bc440fe,5,4,SET,350877.19
4719e8f636b40046677b56208bc440fe,5,4,GET,423728.81
4719e8f636b40046677b56208bc440fe,5,5,SET,347222.25
4719e8f636b40046677b56208bc440fe,5,5,GET,434782.59
4ba69714a0ab1813bf4638172b08fd0b,5,1,SET,256410.27
4ba69714a0ab1813bf4638172b08fd0b,5,1,GET,315457.41
4ba69714a0ab1813bf4638172b08fd0b,5,2,SET,240963.86
4ba69714a0ab1813bf4638172b08fd0b,5,2,GET,302114.81
4ba69714a0ab1813bf4638172b08fd0b,5,3,SET,256410.27
4ba69714a0ab1813bf4638172b08fd0b,5,3,GET,312500.00
4ba69714a0ab1813bf4638172b08fd0b,5,4,SET,240963.86
4ba69714a0ab1813bf4638172b08fd0b,5,4,GET,311526.47
4ba69714a0ab1813bf4638172b08fd0b,5,5,SET,255102.05
4ba69714a0ab1813bf4638172b08fd0b,5,5,GET,300300.28
4d55c5253821320a7fb7862b630329b4,5,1,SET,462962.94
4d55c5253821320a7fb7862b630329b4,5,1,GET,561797.75
4d55c5253821320a7fb7862b630329b4,5,2,SET,490196.09
4d55c5253821320a7fb7862b630329b4,5,2,GET,561797.75
4d55c5253821320a7fb7862b630329b4,5,3,SET,487804.88
4d55c5253821320a7fb7862b630329b4,5,3,GET,555555.56
4d55c5253821320a7fb7862b630329b4,5,4,SET,492610.84
4d55c5253821320a7fb7862b630329b4,5,4,GET,520833.34
4d55c5253821320a7fb7862b630329b4,5,5,SET,490196.09
4d55c5253821320a7fb7862b630329b4,5,5,GET,561797.75
4e68b82fd06086092315ee9df5d58c93,5,1,SET,271002.72
4e68b82fd06086092315ee9df5d58c93,5,1,GET,337837.84
4e68b82fd06086092315ee9df5d58c93,5,2,SET,271739.12
4e68b82fd06086092315ee9df5d58c93,5,2,GET,322580.66
4e68b82fd06086092315ee9df5d58c93,5,3,SET,268817.19
4e68b82fd06086092315ee9df5d58c93,5,3,GET,333333.31
4e68b82fd06086092315ee9df5d58c93,5,4,SET,271002.72
4e68b82fd06086092315ee9df5d58c93,5,4,GET,334448.16
4e68b82fd06086092315ee9df5d58c93,5,5,SET,269541.78
4e68b82fd06086092315ee9df5d58c93,5,5,GET,333333.31
4eb40a018335914b4a45e75d7c8e7cd7,5,1,SET,352112.66
4eb40a018335914b4a45e75d7c8e7cd7,5,1,GET,434782.59
4eb40a018335914b4a45e75d7c8e7cd7,5,2,SET,353356.91
4eb40a018335914b4a45e75d7c8e7cd7,5,2,GET,432900.41
4eb40a018335914b4a45e75d7c8e7cd7,5,3,SET,344827.59
4eb40a018335914b4a45e75d7c8e7cd7,5,3,GET,432900.41
4eb40a018335914b4a45e75d7c8e7cd7,5,4,SET,349650.34
4eb40a018335914b4a45e75d7c8e7cd7,5,4,GET,438596.50
4eb40a018335914b4a45e75d7c8e7cd7,5,5,SET,348432.06
4eb40a018335914b4a45e75d7c8e7cd7,5,5,GET,432900.41
50f6e4bbe68856e632f53ca399fce39c,5,1,SET,297619.06
50f6e4bbe68856e632f53ca399fce39c,5,1,GET,363636.34
50f6e4bbe68856e632f53ca399fce39c,5,2,SET,248138.95
50f6e4bbe68856e632f53ca399fce39c,5,2,GET,361010.81
50f6e4bbe68856e632f53ca399fce39c,5,3,SET,286532.94
50f6e4bbe68856e632f53ca399fce39c,5,3,GET,363636.34
50f6e4bbe68856e632f53ca399fce39c,5,4,SET,285714.28
50f6e4bbe68856e632f53ca399fce39c,5,4,GET,359712.22
50f6e4bbe68856e632f53ca399fce39c,5,5,SET,295858.00
50f6e4bbe68856e632f53ca399fce39c,5,5,GET,357142.84
53763dd749a3e122057c59ca0d499ac8,5,1,SET,302114.81
53763dd749a3e122057c59ca0d499ac8,5,1,GET,392156.88
53763dd749a3e122057c59ca0d499ac8,5,2,SET,304878.03
53763dd749a3e122057c59ca0d499ac8,5,2,GET,381679.41
53763dd749a3e122057c59ca0d499ac8,5,3,SET,302114.81
53763dd749a3e122057c59ca0d499ac8,5,3,GET,393700.78
53763dd749a3e122057c59ca0d499ac8,5,4,SET,302114.81
53763dd749a3e122057c59ca0d499ac8,5,4,GET,389105.06
53763dd749a3e122057c59ca0d499ac8,5,5,SET,300300.28
53763dd749a3e122057c59ca0d499ac8,5,5,GET,389105.06
5bdaa66853f269aaadbc23a3e1baf64d,5,1,SET,507614.22
5bdaa66853f269aaadbc23a3e1baf64d,5,1,GET,578034.69
5bdaa66853f269aaadbc23a3e1baf64d,5,2,SET,505050.50
5bdaa66853f269aaadbc23a3e1baf64d,5,2,GET,578034.69
5bdaa66853f269aaadbc23a3e1baf64d,5,3,SET,471698.12
5bdaa66853f269aaadbc23a3e1baf64d,5,3,GET,571428.56
5bdaa66853f269aaadbc23a3e1baf64d,5,4,SET,452488.69
5bdaa66853f269aaadbc23a3e1baf64d,5,4,GET,574712.69
5bdaa66853f269aaadbc23a3e1baf64d,5,5,SET,502512.56
5bdaa66853f269aaadbc23a3e1baf64d,5,5,GET,571428.56
5f55787624b864552b696626f4b96a5e,5,1,SET,363636.34
5f55787624b864552b696626f4b96a5e,5,1,GET,462962.94
5f55787624b864552b696626f4b96a5e,5,2,SET,366300.38
5f55787624b864552b696626f4b96a5e,5,2,GET,452488.69
5f55787624b864552b696626f4b96a5e,5,3,SET,363636.34
5f55787624b864552b696626f4b96a5e,5,3,GET,458715.59
5f55787624b864552b696626f4b96a5e,5,4,SET,350877.19
5f55787624b864552b696626f4b96a5e,5,4,GET,427350.44
5f55787624b864552b696626f4b96a5e,5,5,SET,362318.84
5f55787624b864552b696626f4b96a5e,5,5,GET,434782.59
62eaa2b1fe9dbc0765c0dc4034cb24ba,5,1,SET,709219.88
62eaa2b1fe9dbc0765c0dc4034cb24ba,5,1,GET,877193.00
62eaa2b1fe9dbc0765c0dc4034cb24ba,5,2,SET,729927.06
62eaa2b1fe9dbc0765c0dc4034cb24ba,5,2,GET,877193.00
62eaa2b1fe9dbc0765c0dc4034cb24ba,5,3,SET,719424.44
62eaa2b1fe9dbc0765c0dc4034cb24ba,5,3,GET,877193.00
62eaa2b1fe9dbc0765c0dc4034cb24ba,5,4,SET,714285.69
62eaa2b1fe9dbc0765c0dc4034cb24ba,5,4,GET,884955.75
62eaa2b1fe9dbc0765c0dc4034cb24ba,5,5,SET,709219.88
62eaa2b1fe9dbc0765c0dc4034cb24ba,5,5,GET,884955.75
634a96ffb067c1bac3601d09cb421988,5,1,SET,295858.00
634a96ffb067c1bac3601d09cb421988,5,1,GET,377358.50
634a96ffb067c1bac3601d09cb421988,5,2,SET,295858.00
634a96ffb067c1bac3601d09cb421988,5,2,GET,374531.84
634a96ffb067c1bac3601d09cb421988,5,3,SET,293255.12
634a96ffb067c1bac3601d09cb421988,5,3,GET,378787.88
634a96ffb067c1bac3601d09cb421988,5,4,SET,293255.12
634a96ffb067c1bac3601d09cb421988,5,4,GET,371747.22
634a96ffb067c1bac3601d09cb421988,5,5,SET,294117.66
634a96ffb067c1bac3601d09cb421988,5,5,GET,375939.84
64bb0fb94df616d82ad27caf1486211f,5,1,SET,314465.41
64bb0fb94df616d82ad27caf1486211f,5,1,GET,352112.66
64bb0fb94df616d82ad27caf1486211f,5,2,SET,315457.41
64bb0fb94df616d82ad27caf1486211f,5,2,GET,381679.41
64bb0fb94df616d82ad27caf1486211f,5,3,SET,313479.62
64bb0fb94df616d82ad27caf1486211f,5,3,GET,383141.75
64bb0fb94df616d82ad27caf1486211f,5,4,SET,313479.62
64bb0fb94df616d82ad27caf1486211f,5,4,GET,381679.41
64bb0fb94df616d82ad27caf1486211f,5,5,SET,313479.62
64bb0fb94df616d82ad27caf1486211f,5,5,GET,361010.81
6501c2678caae1080ffc98d2db7d35a3,5,1,SET,512820.53
6501c2678caae1080ffc98d2db7d35a3,5,1,GET,684931.50
6501c2678caae1080ffc98d2db7d35a3,5,2,SET,515463.91
6501c2678caae1080ffc98d2db7d35a3,5,2,GET,699300.69
6501c2678caae1080ffc98d2db7d35a3,5,3,SET,507614.22
6501c2678caae1080ffc98d2db7d35a3,5,3,GET,671140.94
6501c2678caae1080ffc98d2db7d35a3,5,4,SET,531914.94
6501c2678caae1080ffc98d2db7d35a3,5,4,GET,684931.50
6501c2678caae1080ffc98d2db7d35a3,5,5,SET,523560.22
6501c2678caae1080ffc98d2db7d35a3,5,5,GET,689655.19
662b4bdd67d0277b14c648c88573ffd4,5,1,SET,369003.69
662b4bdd67d0277b14c648c88573ffd4,5,1,GET,446428.56
662b4bdd67d0277b14c648c88573ffd4,5,2,SET,370370.34
662b4bdd67d0277b14c648c88573ffd4,5,2,GET,448430.47
662b4bdd67d0277b14c648c88573ffd4,5,3,SET,350877.19
662b4bdd67d0277b14c648c88573ffd4,5,3,GET,442477.88
662b4bdd67d0277b14c648c88573ffd4,5,4,SET,367647.03
662b4bdd67d0277b14c648c88573ffd4,5,4,GET,440528.62
662b4bdd67d0277b14c648c88573ffd4,5,5,SET,367647.03
662b4bdd67d0277b14c648c88573ffd4,5,5,GET,442477.88
6fd1dca3c1b387e94989359ec71ea51c,5,1,SET,261780.11
6fd1dca3c1b387e94989359ec71ea51c,5,1,GET,327868.84
6fd1dca3c1b387e94989359ec71ea51c,5,2,SET,253807.11
6fd1dca3c1b387e94989359ec71ea51c,5,2,GET,326797.41
6fd1dca3c1b387e94989359ec71ea51c,5,3,SET,261096.61
6fd1dca3c1b387e94989359ec71ea51c,5,3,GET,326797.41
6fd1dca3c1b387e94989359ec71ea51c,5,4,SET,261096.61
6fd1dca3c1b387e94989359ec71ea51c,5,4,GET,312500.00
6fd1dca3c1b387e94989359ec71ea51c,5,5,SET,259740.27
6fd1dca3c1b387e94989359ec71ea51c,5,5,GET,325732.88
71f173f1e4e96ba961d233266f69872a,5,1,SET,649350.62
71f173f1e4e96ba961d233266f69872a,5,1,GET,847457.62
71f173f1e4e96ba961d233266f69872a,5,2,SET,714285.69
71f173f1e4e96ba961d233266f69872a,5,2,GET,847457.62
71f173f1e4e96ba961d233266f69872a,5,3,SET,689655.19
71f173f1e4e96ba961d233266f69872a,5,3,GET,833333.38
71f173f1e4e96ba961d233266f69872a,5,4,SET,714285.69
71f173f1e4e96ba961d233266f69872a,5,4,GET,840336.12
71f173f1e4e96ba961d233266f69872a,5,5,SET,694444.50
71f173f1e4e96ba961d233266f69872a,5,5,GET,833333.38
7e71cbe4112f88d7abffd131fd140622,5,1,SET,505050.50
7e71cbe4112f88d7abffd131fd140622,5,1,GET,543478.25
7e71cbe4112f88d7abffd131fd140622,5,2,SET,512820.53
7e71cbe4112f88d7abffd131fd140622,5,2,GET,581395.31
7e71cbe4112f88d7abffd131fd140622,5,3,SET,476190.50
7e71cbe4112f88d7abffd131fd140622,5,3,GET,578034.69
7e71cbe4112f88d7abffd131fd140622,5,4,SET,416666.69
7e71cbe4112f88d7abffd131fd140622,5,4,GET,581395.31
7e71cbe4112f88d7abffd131fd140622,5,5,SET,473933.66
7e71cbe4112f88d7abffd131fd140622,5,5,GET,581395.31
7e9de06e835a7e90813a79f959714478,5,1,SET,389105.06
7e9de06e835a7e90813a79f959714478,5,1,GET,396825.38
7e9de06e835a7e90813a79f959714478,5,2,SET,374531.84
7e9de06e835a7e90813a79f959714478,5,2,GET,476190.50
7e9de06e835a7e90813a79f959714478,5,3,SET,370370.34
7e9de06e835a7e90813a79f959714478,5,3,GET,446428.56
7e9de06e835a7e90813a79f959714478,5,4,SET,392156.88
7e9de06e835a7e90813a79f959714478,5,4,GET,483091.78
7e9de06e835a7e90813a79f959714478,5,5,SET,390624.97
7e9de06e835a7e90813a79f959714478,5,5,GET,476190.50
7e9ded49a73ca9d1cddaa11139328017,5,1,SET,377358.50
7e9ded49a73ca9d1cddaa11139328017,5,1,GET,471698.12
7e9ded49a73ca9d1cddaa11139328017,5,2,SET,378787.88
7e9ded49a73ca9d1cddaa11139328017,5,2,GET,478468.88
7e9ded49a73ca9d1cddaa11139328017,5,3,SET,370370.34
7e9ded49a73ca9d1cddaa11139328017,5,3,GET,473933.66
7e9ded49a73ca9d1cddaa11139328017,5,4,SET,369003.69
7e9ded49a73ca9d1cddaa11139328017,5,4,GET,476190.50
7e9ded49a73ca9d1cddaa11139328017,5,5,SET,374531.84
7e9ded49a73ca9d1cddaa11139328017,5,5,GET,473933.66
81c4d5b02e33350963dc7b16e7991cb4,5,1,SET,628930.81
81c4d5b02e33350963dc7b16e7991cb4,5,1,GET,699300.69
81c4d5b02e33350963dc7b16e7991cb4,5,2,SET,617283.94
81c4d5b02e33350963dc7b16e7991cb4,5,2,GET,694444.50
81c4d5b02e33350963dc7b16e7991cb4,5,3,SET,571428.56
81c4d5b02e33350963dc7b16e7991cb4,5,3,GET,689655.19
81c4d5b02e33350963dc7b16e7991cb4,5,4,SET,613496.94
81c4d5b02e33350963dc7b16e7991cb4,5,4,GET,694444.50
81c4d5b02e33350963dc7b16e7991cb4,5,5,SET,546448.06
81c4d5b02e33350963dc7b16e7991cb4,5,5,GET,689655.19
8d800dbc56e4c66eb3d91661740c4b0f,5,1,SET,671140.94
8d800dbc56e4c66eb3d91661740c4b0f,5,1,GET,819672.12
8d800dbc56e4c66eb3d91661740c4b0f,5,2,SET,689655.19
8d800dbc56e4c66eb3d91661740c4b0f,5,2,GET,819672.12
8d800dbc56e4c66eb3d91661740c4b0f,5,3,SET,675675.69
8d800dbc56e4c66eb3d91661740c4b0f,5,3,GET,813008.12
8d800dbc56e4c66eb3d91661740c4b0f,5,4,SET,680272.12
8d800dbc56e4c66eb3d91661740c4b0f,5,4,GET,819672.12
8d800dbc56e4c66eb3d91661740c4b0f,5,5,SET,675675.69
8d800dbc56e4c66eb3d91661740c4b0f,5,5,GET,806451.62
8d8dfe4e2f5a4207d733ddfdc8e223d2,5,1,SET,487804.88
8d8dfe4e2f5a4207d733ddfdc8e223d2,5,1,GET,625000.00
8d8dfe4e2f5a4207d733ddfdc8e223d2,5,2,SET,473933.66
8d8dfe4e2f5a4207d733ddfdc8e223d2,5,2,GET,621118.00
8d8dfe4e2f5a4207d733ddfdc8e223d2,5,3,SET,490196.09
8d8dfe4e2f5a4207d733ddfdc8e223d2,5,3,GET,606060.56
8d8dfe4e2f5a4207d733ddfdc8e223d2,5,4,SET,492610.84
8d8dfe4e2f5a4207d733ddfdc8e223d2,5,4,GET,617283.94
8d8dfe4e2f5a4207d733ddfdc8e223d2,5,5,SET,490196.09
8d8dfe4e2f5a4207d733ddfdc8e223d2,5,5,GET,621118.00
8fe881f3d0ac4432a682c06d1b2275d0,5,1,SET,719424.44
8fe881f3d0ac4432a682c06d1b2275d0,5,1,GET,917431.19
8fe881f3d0ac4432a682c06d1b2275d0,5,2,SET,694444.50
8fe881f3d0ac4432a682c06d1b2275d0,5,2,GET,917431.19
8fe881f3d0ac4432a682c06d1b2275d0,5,3,SET,735294.06
8fe881f3d0ac4432a682c06d1b2275d0,5,3,GET,884955.75
8fe881f3d0ac4432a682c06d1b2275d0,5,4,SET,740740.69
8fe881f3d0ac4432a682c06d1b2275d0,5,4,GET,917431.19
8fe881f3d0ac4432a682c06d1b2275d0,5,5,SET,735294.06
8fe881f3d0ac4432a682c06d1b2275d0,5,5,GET,892857.12
9a3eecb64e5b82533c8767a94b5f832f,5,1,SET,389105.06
9a3eecb64e5b82533c8767a94b5f832f,5,1,GET,450450.44
9a3eecb64e5b82533c8767a94b5f832f,5,2,SET,393700.78
9a3eecb64e5b82533c8767a94b5f832f,5,2,GET,476190.50
9a3eecb64e5b82533c8767a94b5f832f,5,3,SET,390624.97
9a3eecb64e5b82533c8767a94b5f832f,5,3,GET,421940.94
9a3eecb64e5b82533c8767a94b5f832f,5,4,SET,358422.91
9a3eecb64e5b82533c8767a94b5f832f,5,4,GET,421940.94
9a3eecb64e5b82533c8767a94b5f832f,5,5,SET,390624.97
9a3eecb64e5b82533c8767a94b5f832f,5,5,GET,476190.50
9b75f50a27a1a106bc9c03d7bf5018b1,5,1,SET,381679.41
9b75f50a27a1a106bc9c03d7bf5018b1,5,1,GET,460829.50
9b75f50a27a1a106bc9c03d7bf5018b1,5,2,SET,383141.75
9b75f50a27a1a106bc9c03d7bf5018b1,5,2,GET,460829.50
9b75f50a27a1a106bc9c03d7bf5018b1,5,3,SET,381679.41
9b75f50a27a1a106bc9c03d7bf5018b1,5,3,GET,434782.59
9b75f50a27a1a106bc9c03d7bf5018b1,5,4,SET,366300.38
9b75f50a27a1a106bc9c03d7bf5018b1,5,4,GET,462962.94
9b75f50a27a1a106bc9c03d7bf5018b1,5,5,SET,380228.12
9b75f50a27a1a106bc9c03d7bf5018b1,5,5,GET,460829.50
9bf0659d52df374f233c4224e91ec0f1,5,1,SET,363636.34
9bf0659d52df374f233c4224e91ec0f1,5,1,GET,460829.50
9bf0659d52df374f233c4224e91ec0f1,5,2,SET,362318.84
9bf0659d52df374f233c4224e91ec0f1,5,2,GET,465116.28
9bf0659d52df374f233c4224e91ec0f1,5,3,SET,363636.34
9bf0659d52df374f233c4224e91ec0f1,5,3,GET,462962.94
9bf0659d52df374f233c4224e91ec0f1,5,4,SET,362318.84
9bf0659d52df374f233c4224e91ec0f1,5,4,GET,458715.59
9bf0659d52df374f233c4224e91ec0f1,5,5,SET,359712.22
9bf0659d52df374f233c4224e91ec0f1,5,5,GET,434782.59
a06e77062d45f9686dda79d5d3a2fbbc,5,1,SET,294985.25
a06e77062d45f9686dda79d5d3a2fbbc,5,1,GET,393700.78
a06e77062d45f9686dda79d5d3a2fbbc,5,2,SET,300300.28
a06e77062d45f9686dda79d5d3a2fbbc,5,2,GET,393700.78
a06e77062d45f9686dda79d5d3a2fbbc,5,3,SET,288184.44
a06e77062d45f9686dda79d5d3a2fbbc,5,3,GET,390624.97
a06e77062d45f9686dda79d5d3a2fbbc,5,4,SET,298507.47
a06e77062d45f9686dda79d5d3a2fbbc,5,4,GET,390624.97
a06e77062d45f9686dda79d5d3a2fbbc,5,5,SET,299401.22
a06e77062d45f9686dda79d5d3a2fbbc,5,5,GET,390624.97
a32b58f4f9e015f88fef9b66ea6a7608,5,1,SET,507614.22
a32b58f4f9e015f88fef9b66ea6a7608,5,1,GET,584795.31
a32b58f4f9e015f88fef9b66ea6a7608,5,2,SET,510204.09
a32b58f4f9e015f88fef9b66ea6a7608,5,2,GET,578034.69
a32b58f4f9e015f88fef9b66ea6a7608,5,3,SET,458715.59
a32b58f4f9e015f88fef9b66ea6a7608,5,3,GET,584795.31
a32b58f4f9e015f88fef9b66ea6a7608,5,4,SET,480769.22
a32b58f4f9e015f88fef9b66ea6a7608,5,4,GET,578034.69
a32b58f4f9e015f88fef9b66ea6a7608,5,5,SET,507614.22
a32b58f4f9e015f88fef9b66ea6a7608,5,5,GET,578034.69
a44038e69070c2b23d060a9848d52185,5,1,SET,448430.47
a44038e69070c2b23d060a9848d52185,5,1,GET,568181.81
a44038e69070c2b23d060a9848d52185,5,2,SET,440528.62
a44038e69070c2b23d060a9848d52185,5,2,GET,561797.75
a44038e69070c2b23d060a9848d52185,5,3,SET,421940.94
a44038e69070c2b23d060a9848d52185,5,3,GET,568181.81
a44038e69070c2b23d060a9848d52185,5,4,SET,448430.47
a44038e69070c2b23d060a9848d52185,5,4,GET,540540.56
a44038e69070c2b23d060a9848d52185,5,5,SET,448430.47
a44038e69070c2b23d060a9848d52185,5,5,GET,555555.56
a5d91ba4262690390e3dc60e326ebec3,5,1,SET,373134.31
a5d91ba4262690390e3dc60e326ebec3,5,1,GET,434782.59
a5d91ba4262690390e3dc60e326ebec3,5,2,SET,375939.84
a5d91ba4262690390e3dc60e326ebec3,5,2,GET,458715.59
a5d91ba4262690390e3dc60e326ebec3,5,3,SET,371747.22
a5d91ba4262690390e3dc60e326ebec3,5,3,GET,458715.59
a5d91ba4262690390e3dc60e326ebec3,5,4,SET,374531.84
a5d91ba4262690390e3dc60e326ebec3,5,4,GET,434782.59
a5d91ba4262690390e3dc60e326ebec3,5,5,SET,373134.31
a5d91ba4262690390e3dc60e326ebec3,5,5,GET,458715.59
a635a1324f3dd4417d0f08239bdcea5d,5,1,SET,471698.12
a635a1324f3dd4417d0f08239bdcea5d,5,1,GET,598802.44
a635a1324f3dd4417d0f08239bdcea5d,5,2,SET,476190.50
a635a1324f3dd4417d0f08239bdcea5d,5,2,GET,595238.12
a635a1324f3dd4417d0f08239bdcea5d,5,3,SET,469483.56
a635a1324f3dd4417d0f08239bdcea5d,5,3,GET,598802.44
a635a1324f3dd4417d0f08239bdcea5d,5,4,SET,454545.47
a635a1324f3dd4417d0f08239bdcea5d,5,4,GET,595238.12
a635a1324f3dd4417d0f08239bdcea5d,5,5,SET,460829.50
a635a1324f3dd4417d0f08239bdcea5d,5,5,GET,595238.12
aa22fa3ffbd9158f7ae1f6081d730090,5,1,SET,354609.94
aa22fa3ffbd9158f7ae1f6081d730090,5,1,GET,448430.47
aa22fa3ffbd9158f7ae1f6081d730090,5,2,SET,374531.84
aa22fa3ffbd9158f7ae1f6081d730090,5,2,GET,450450.44
aa22fa3ffbd9158f7ae1f6081d730090,5,3,SET,343642.59
aa22fa3ffbd9158f7ae1f6081d730090,5,3,GET,450450.44
aa22fa3ffbd9158f7ae1f6081d730090,5,4,SET,371747.22
aa22fa3ffbd9158f7ae1f6081d730090,5,4,GET,429184.56
aa22fa3ffbd9158f7ae1f6081d730090,5,5,SET,371747.22
aa22fa3ffbd9158f7ae1f6081d730090,5,5,GET,450450.44
ab6d890a4050ec686648252b77c781ad,5,1,SET,289017.34
ab6d890a4050ec686648252b77c781ad,5,1,GET,334448.16
ab6d890a4050ec686648252b77c781ad,5,2,SET,289855.06
ab6d890a4050ec686648252b77c781ad,5,2,GET,333333.31
ab6d890a4050ec686648252b77c781ad,5,3,SET,288184.44
ab6d890a4050ec686648252b77c781ad,5,3,GET,344827.59
ab6d890a4050ec686648252b77c781ad,5,4,SET,277777.78
ab6d890a4050ec686648252b77c781ad,5,4,GET,344827.59
ab6d890a4050ec686648252b77c781ad,5,5,SET,287356.34
ab6d890a4050ec686648252b77c781ad,5,5,GET,343642.59
ab6f1a2e58555e7fac0d368a5602c7d0,5,1,SET,892857.12
ab6f1a2e58555e7fac0d368a5602c7d0,5,1,GET,1063829.88
ab6f1a2e58555e7fac0d368a5602c7d0,5,2,SET,900900.88
ab6f1a2e58555e7fac0d368a5602c7d0,5,2,GET,1075268.75
ab6f1a2e58555e7fac0d368a5602c7d0,5,3,SET,892857.12
ab6f1a2e58555e7fac0d368a5602c7d0,5,3,GET,1086956.50
ab6f1a2e58555e7fac0d368a5602c7d0,5,4,SET,917431.19
ab6f1a2e58555e7fac0d368a5602c7d0,5,4,GET,1075268.75
ab6f1a2e58555e7fac0d368a5602c7d0,5,5,SET,900900.88
ab6f1a2e58555e7fac0d368a5602c7d0,5,5,GET,1063829.88
ad051458033f10f8ec2eb338d5f416c4,5,1,SET,248138.95
ad051458033f10f8ec2eb338d5f416c4,5,1,GET,311526.47
ad051458033f10f8ec2eb338d5f416c4,5,2,SET,250000.00
ad051458033f10f8ec2eb338d5f416c4,5,2,GET,310559.00
ad051458033f10f8ec2eb338d5f416c4,5,3,SET,232558.14
ad051458033f10f8ec2eb338d5f416c4,5,3,GET,309597.50
ad051458033f10f8ec2eb338d5f416c4,5,4,SET,232558.14
ad051458033f10f8ec2eb338d5f416c4,5,4,GET,309597.50
ad051458033f10f8ec2eb338d5f416c4,5,5,SET,247524.75
ad051458033f10f8ec2eb338d5f416c4,5,5,GET,307692.31
afa88e8aa7b3de9cec6355d3225edc3a,5,1,SET,370370.34
afa88e8aa7b3de9cec6355d3225edc3a,5,1,GET,469483.56
afa88e8aa7b3de9cec6355d3225edc3a,5,2,SET,389105.06
afa88e8aa7b3de9cec6355d3225edc3a,5,2,GET,467289.72
afa88e8aa7b3de9cec6355d3225edc3a,5,3,SET,371747.22
afa88e8aa7b3de9cec6355d3225edc3a,5,3,GET,469483.56
afa88e8aa7b3de9cec6355d3225edc3a,5,4,SET,386100.38
afa88e8aa7b3de9cec6355d3225edc3a,5,4,GET,467289.72
afa88e8aa7b3de9cec6355d3225edc3a,5,5,SET,369003.69
afa88e8aa7b3de9cec6355d3225edc3a,5,5,GET,440528.62
b51fb1d91f57c2b74724ed32e7c0b1fd,5,1,SET,253164.55
b51fb1d91f57c2b74724ed32e7c0b1fd,5,1,GET,314465.41
b51fb1d91f57c2b74724ed32e7c0b1fd,5,2,SET,252525.25
b51fb1d91f57c2b74724ed32e7c0b1fd,5,2,GET,312500.00
b51fb1d91f57c2b74724ed32e7c0b1fd,5,3,SET,251256.28
b51fb1d91f57c2b74724ed32e7c0b1fd,5,3,GET,313479.62
b51fb1d91f57c2b74724ed32e7c0b1fd,5,4,SET,251256.28
b51fb1d91f57c2b74724ed32e7c0b1fd,5,4,GET,299401.22
b51fb1d91f57c2b74724ed32e7c0b1fd,5,5,SET,251889.16
b51fb1d91f57c2b74724ed32e7c0b1fd,5,5,GET,309597.50
b8abd3604adfc109bb56b4f8419b03b2,5,1,SET,253164.55
b8abd3604adfc109bb56b4f8419b03b2,5,1,GET,302114.81
b8abd3604adfc109bb56b4f8419b03b2,5,2,SET,254452.92
b8abd3604adfc109bb56b4f8419b03b2,5,2,GET,313479.62
b8abd3604adfc109bb56b4f8419b03b2,5,3,SET,253164.55
b8abd3604adfc109bb56b4f8419b03b2,5,3,GET,312500.00
b8abd3604adfc109bb56b4f8419b03b2,5,4,SET,251889.16
b8abd3604adfc109bb56b4f8419b03b2,5,4,GET,298507.47
b8abd3604adfc109bb56b4f8419b03b2,5,5,SET,243902.44
b8abd3604adfc109bb56b4f8419b03b2,5,5,GET,309597.50
bd11845bbab169850069e47e3b9c2bc0,5,1,SET,243309.00
bd11845bbab169850069e47e3b9c2bc0,5,1,GET,277777.78
bd11845bbab169850069e47e3b9c2bc0,5,2,SET,222222.23
bd11845bbab169850069e47e3b9c2bc0,5,2,GET,300300.28
bd11845bbab169850069e47e3b9c2bc0,5,3,SET,242130.77
bd11845bbab169850069e47e3b9c2bc0,5,3,GET,299401.22
bd11845bbab169850069e47e3b9c2bc0,5,4,SET,234741.78
bd11845bbab169850069e47e3b9c2bc0,5,4,GET,285714.28
bd11845bbab169850069e47e3b9c2bc0,5,5,SET,232558.14
bd11845bbab169850069e47e3b9c2bc0,5,5,GET,296735.91
bea1b4578968b3bfa758bf1798cd07ac,5,1,SET,245700.25
bea1b4578968b3bfa758bf1798cd07ac,5,1,GET,304878.03
bea1b4578968b3bfa758bf1798cd07ac,5,2,SET,239234.44
bea1b4578968b3bfa758bf1798cd07ac,5,2,GET,303030.28
bea1b4578968b3bfa758bf1798cd07ac,5,3,SET,245098.05
bea1b4578968b3bfa758bf1798cd07ac,5,3,GET,302114.81
bea1b4578968b3bfa758bf1798cd07ac,5,4,SET,244498.77
bea1b4578968b3bfa758bf1798cd07ac,5,4,GET,302114.81
bea1b4578968b3bfa758bf1798cd07ac,5,5,SET,243309.00
bea1b4578968b3bfa758bf1798cd07ac,5,5,GET,299401.22
c797e28c8c6254fcb30a08c164527846,5,1,SET,492610.84
c797e28c8c6254fcb30a08c164527846,5,1,GET,561797.75
c797e28c8c6254fcb30a08c164527846,5,2,SET,490196.09
c797e28c8c6254fcb30a08c164527846,5,2,GET,561797.75
c797e28c8c6254fcb30a08c164527846,5,3,SET,490196.09
c797e28c8c6254fcb30a08c164527846,5,3,GET,467289.72
c797e28c8c6254fcb30a08c164527846,5,4,SET,487804.88
c797e28c8c6254fcb30a08c164527846,5,4,GET,552486.19
c797e28c8c6254fcb30a08c164527846,5,5,SET,485436.91
c797e28c8c6254fcb30a08c164527846,5,5,GET,520833.34
c8da568b01fdcab600288f35d44cf78a,5,1,SET,617283.94
c8da568b01fdcab600288f35d44cf78a,5,1,GET,699300.69
c8da568b01fdcab600288f35d44cf78a,5,2,SET,574712.69
c8da568b01fdcab600288f35d44cf78a,5,2,GET,689655.19
c8da568b01fdcab600288f35d44cf78a,5,3,SET,609756.06
c8da568b01fdcab600288f35d44cf78a,5,3,GET,689655.19
c8da568b01fdcab600288f35d44cf78a,5,4,SET,578034.69
c8da568b01fdcab600288f35d44cf78a,5,4,GET,641025.62
c8da568b01fdcab600288f35d44cf78a,5,5,SET,606060.56
c8da568b01fdcab600288f35d44cf78a,5,5,GET,689655.19
cd1490b6b695bc1dad92e406a57c737e,5,1,SET,296735.91
cd1490b6b695bc1dad92e406a57c737e,5,1,GET,384615.41
cd1490b6b695bc1dad92e406a57c737e,5,2,SET,295858.00
cd1490b6b695bc1dad92e406a57c737e,5,2,GET,377358.50
cd1490b6b695bc1dad92e406a57c737e,5,3,SET,295858.00
cd1490b6b695bc1dad92e406a57c737e,5,3,GET,383141.75
cd1490b6b695bc1dad92e406a57c737e,5,4,SET,291545.19
cd1490b6b695bc1dad92e406a57c737e,5,4,GET,381679.41
cd1490b6b695bc1dad92e406a57c737e,5,5,SET,292397.66
cd1490b6b695bc1dad92e406a57c737e,5,5,GET,378787.88
cf03ba0a2c70ac61c730bad91e88ed45,5,1,SET,609756.06
cf03ba0a2c70ac61c730bad91e88ed45,5,1,GET,689655.19
cf03ba0a2c70ac61c730bad91e88ed45,5,2,SET,480769.22
cf03ba0a2c70ac61c730bad91e88ed45,5,2,GET,689655.19
cf03ba0a2c70ac61c730bad91e88ed45,5,3,SET,606060.56
cf03ba0a2c70ac61c730bad91e88ed45,5,3,GET,641025.62
cf03ba0a2c70ac61c730bad91e88ed45,5,4,SET,568181.81
cf03ba0a2c70ac61c730bad91e88ed45,5,4,GET,645161.31
cf03ba0a2c70ac61c730bad91e88ed45,5,5,SET,606060.56
cf03ba0a2c70ac61c730bad91e88ed45,5,5,GET,598802.44
cfacf10d92b8803dc52d852a70e3fa19,5,1,SET,277777.78
cfacf10d92b8803dc52d852a70e3fa19,5,1,GET,347222.25
cfacf10d92b8803dc52d852a70e3fa19,5,2,SET,289017.34
cfacf10d92b8803dc52d852a70e3fa19,5,2,GET,347222.25
cfacf10d92b8803dc52d852a70e3fa19,5,3,SET,288184.44
cfacf10d92b8803dc52d852a70e3fa19,5,3,GET,344827.59
cfacf10d92b8803dc52d852a70e3fa19,5,4,SET,288184.44
cfacf10d92b8803dc52d852a70e3fa19,5,4,GET,343642.59
cfacf10d92b8803dc52d852a70e3fa19,5,5,SET,276243.09
cfacf10d92b8803dc52d852a70e3fa19,5,5,GET,342465.75
d1aecbc94cc04c477cec22b4cc24329c,5,1,SET,450450.44
d1aecbc94cc04c477cec22b4cc24329c,5,1,GET,595238.12
d1aecbc94cc04c477cec22b4cc24329c,5,2,SET,465116.28
d1aecbc94cc04c477cec22b4cc24329c,5,2,GET,595238.12
d1aecbc94cc04c477cec22b4cc24329c,5,3,SET,460829.50
d1aecbc94cc04c477cec22b4cc24329c,5,3,GET,595238.12
d1aecbc94cc04c477cec22b4cc24329c,5,4,SET,454545.47
d1aecbc94cc04c477cec22b4cc24329c,5,4,GET,595238.12
d1aecbc94cc04c477cec22b4cc24329c,5,5,SET,460829.50
d1aecbc94cc04c477cec22b4cc24329c,5,5,GET,602409.69
d8ba2293ae106ea867bc00ecc1d43f67,5,1,SET,357142.84
d8ba2293ae106ea867bc00ecc1d43f67,5,1,GET,452488.69
d8ba2293ae106ea867bc00ecc1d43f67,5,2,SET,392156.88
d8ba2293ae106ea867bc00ecc1d43f67,5,2,GET,480769.22
d8ba2293ae106ea867bc00ecc1d43f67,5,3,SET,390624.97
d8ba2293ae106ea867bc00ecc1d43f67,5,3,GET,480769.22
d8ba2293ae106ea867bc00ecc1d43f67,5,4,SET,374531.84
d8ba2293ae106ea867bc00ecc1d43f67,5,4,GET,480769.22
d8ba2293ae106ea867bc00ecc1d43f67,5,5,SET,373134.31
d8ba2293ae106ea867bc00ecc1d43f67,5,5,GET,480769.22
d97111eed26d76a06214244467e7e76f,5,1,SET,289017.34
d97111eed26d76a06214244467e7e76f,5,1,GET,297619.06
d97111eed26d76a06214244467e7e76f,5,2,SET,289017.34
d97111eed26d76a06214244467e7e76f,5,2,GET,348432.06
d97111eed26d76a06214244467e7e76f,5,3,SET,288184.44
d97111eed26d76a06214244467e7e76f,5,3,GET,347222.25
d97111eed26d76a06214244467e7e76f,5,4,SET,288184.44
d97111eed26d76a06214244467e7e76f,5,4,GET,292397.66
d97111eed26d76a06214244467e7e76f,5,5,SET,266666.66
d97111eed26d76a06214244467e7e76f,5,5,GET,343642.59
da1fe77f35e5665675d8696787966e10,5,1,SET,294985.25
da1fe77f35e5665675d8696787966e10,5,1,GET,357142.84
da1fe77f35e5665675d8696787966e10,5,2,SET,294985.25
da1fe77f35e5665675d8696787966e10,5,2,GET,325732.88
da1fe77f35e5665675d8696787966e10,5,3,SET,293255.12
da1fe77f35e5665675d8696787966e10,5,3,GET,353356.91
da1fe77f35e5665675d8696787966e10,5,4,SET,272479.56
da1fe77f35e5665675d8696787966e10,5,4,GET,353356.91
da1fe77f35e5665675d8696787966e10,5,5,SET,282485.88
da1fe77f35e5665675d8696787966e10,5,5,GET,352112.66
db472d899919a7a098149e7f6a6e8e94,5,1,SET,520833.34
db472d899919a7a098149e7f6a6e8e94,5,1,GET,602409.69
db472d899919a7a098149e7f6a6e8e94,5,2,SET,526315.81
db472d899919a7a098149e7f6a6e8e94,5,2,GET,602409.69
db472d899919a7a098149e7f6a6e8e94,5,3,SET,492610.84
db472d899919a7a098149e7f6a6e8e94,5,3,GET,606060.56
db472d899919a7a098149e7f6a6e8e94,5,4,SET,520833.34
db472d899919a7a098149e7f6a6e8e94,5,4,GET,602409.69
db472d899919a7a098149e7f6a6e8e94,5,5,SET,520833.34
db472d899919a7a098149e7f6a6e8e94,5,5,GET,595238.12
e119357443590064bb6a32fe37579a31,5,1,SET,490196.09
e119357443590064bb6a32fe37579a31,5,1,GET,617283.94
e119357443590064bb6a32fe37579a31,5,2,SET,495049.50
e119357443590064bb6a32fe37579a31,5,2,GET,628930.81
e119357443590064bb6a32fe37579a31,5,3,SET,492610.84
e119357443590064bb6a32fe37579a31,5,3,GET,632911.38
e119357443590064bb6a32fe37579a31,5,4,SET,490196.09
e119357443590064bb6a32fe37579a31,5,4,GET,621118.00
e119357443590064bb6a32fe37579a31,5,5,SET,492610.84
e119357443590064bb6a32fe37579a31,5,5,GET,632911.38
e2df4b4eb5f8d943b066770dd022c2f3,5,1,SET,689655.19
e2df4b4eb5f8d943b066770dd022c2f3,5,1,GET,840336.12
e2df4b4eb5f8d943b066770dd022c2f3,5,2,SET,699300.69
e2df4b4eb5f8d943b066770dd022c2f3,5,2,GET,826446.31
e2df4b4eb5f8d943b066770dd022c2f3,5,3,SET,689655.19
e2df4b4eb5f8d943b066770dd022c2f3,5,3,GET,826446.31
e2df4b4eb5f8d943b066770dd022c2f3,5,4,SET,689655.19
e2df4b4eb5f8d943b066770dd022c2f3,5,4,GET,819672.12
e2df4b4eb5f8d943b066770dd022c2f3,5,5,SET,684931.50
e2df4b4eb5f8d943b066770dd022c2f3,5,5,GET,826446.31
e331bb9b97bf9bdf23bbc9c28f083816,5,1,SET,636942.62
e331bb9b97bf9bdf23bbc9c28f083816,5,1,GET,740740.69
e331bb9b97bf9bdf23bbc9c28f083816,5,2,SET,645161.31
e331bb9b97bf9bdf23bbc9c28f083816,5,2,GET,588235.31
e331bb9b97bf9bdf23bbc9c28f083816,5,3,SET,641025.62
e331bb9b97bf9bdf23bbc9c28f083816,5,3,GET,621118.00
e331bb9b97bf9bdf23bbc9c28f083816,5,4,SET,645161.31
e331bb9b97bf9bdf23bbc9c28f083816,5,4,GET,740740.69
e331bb9b97bf9bdf23bbc9c28f083816,5,5,SET,641025.62
e331bb9b97bf9bdf23bbc9c28f083816,5,5,GET,724637.69
e58221d6896638606986dec7de39a71b,5,1,SET,259740.27
e58221d6896638606986dec7de39a71b,5,1,GET,315457.41
e58221d6896638606986dec7de39a71b,5,2,SET,246305.42
e58221d6896638606986dec7de39a71b,5,2,GET,313479.62
e58221d6896638606986dec7de39a71b,5,3,SET,252525.25
e58221d6896638606986dec7de39a71b,5,3,GET,324675.31
e58221d6896638606986dec7de39a71b,5,4,SET,260416.67
e58221d6896638606986dec7de39a71b,5,4,GET,311526.47
e58221d6896638606986dec7de39a71b,5,5,SET,250626.58
e58221d6896638606986dec7de39a71b,5,5,GET,311526.47
e76dc5bb5377eb898994e331fa8d5d19,5,1,SET,284090.91
e76dc5bb5377eb898994e331fa8d5d19,5,1,GET,338983.06
e76dc5bb5377eb898994e331fa8d5d19,5,2,SET,293255.12
e76dc5bb5377eb898994e331fa8d5d19,5,2,GET,352112.66
e76dc5bb5377eb898994e331fa8d5d19,5,3,SET,272479.56
e76dc5bb5377eb898994e331fa8d5d19,5,3,GET,337837.84
e76dc5bb5377eb898994e331fa8d5d19,5,4,SET,283286.12
e76dc5bb5377eb898994e331fa8d5d19,5,4,GET,363636.34
e76dc5bb5377eb898994e331fa8d5d19,5,5,SET,301204.84
e76dc5bb5377eb898994e331fa8d5d19,5,5,GET,364963.53
eedea4a40a692cba3a942070313d9b73,5,1,SET,526315.81
eedea4a40a692cba3a942070313d9b73,5,1,GET,571428.56
eedea4a40a692cba3a942070313d9b73,5,2,SET,534759.31
eedea4a40a692cba3a942070313d9b73,5,2,GET,613496.94
eedea4a40a692cba3a942070313d9b73,5,3,SET,526315.81
eedea4a40a692cba3a942070313d9b73,5,3,GET,609756.06
eedea4a40a692cba3a942070313d9b73,5,4,SET,497512.44
eedea4a40a692cba3a942070313d9b73,5,4,GET,617283.94
eedea4a40a692cba3a942070313d9b73,5,5,SET,526315.81
eedea4a40a692cba3a942070313d9b73,5,5,GET,609756.06
f0dc544b1a8e4d3ca767280719d2a50f,5,1,SET,255754.47
f0dc544b1a8e4d3ca767280719d2a50f,5,1,GET,313479.62
f0dc544b1a8e4d3ca767280719d2a50f,5,2,SET,257069.41
f0dc544b1a8e4d3ca767280719d2a50f,5,2,GET,313479.62
f0dc544b1a8e4d3ca767280719d2a50f,5,3,SET,248138.95
f0dc544b1a8e4d3ca767280719d2a50f,5,3,GET,312500.00
f0dc544b1a8e4d3ca767280719d2a50f,5,4,SET,254452.92
f0dc544b1a8e4d3ca767280719d2a50f,5,4,GET,302114.81
f0dc544b1a8e4d3ca767280719d2a50f,5,5,SET,246305.42
f0dc544b1a8e4d3ca767280719d2a50f,5,5,GET,309597.50
f2ac69a2dfc1eac5fb5549a2324ac289,5,1,SET,288184.44
f2ac69a2dfc1eac5fb5549a2324ac289,5,1,GET,348432.06
f2ac69a2dfc1eac5fb5549a2324ac289,5,2,SET,299401.22
f2ac69a2dfc1eac5fb5549a2324ac289,5,2,GET,362318.84
f2ac69a2dfc1eac5fb5549a2324ac289,5,3,SET,296735.91
f2ac69a2dfc1eac5fb5549a2324ac289,5,3,GET,361010.81
f2ac69a2dfc1eac5fb5549a2324ac289,5,4,SET,297619.06
f2ac69a2dfc1eac5fb5549a2324ac289,5,4,GET,343642.59
f2ac69a2dfc1eac5fb5549a2324ac289,5,5,SET,295858.00
f2ac69a2dfc1eac5fb5549a2324ac289,5,5,GET,357142.84
f59254e2d3cceaea8e4c1484c09d27cf,5,1,SET,346020.75
f59254e2d3cceaea8e4c1484c09d27cf,5,1,GET,436681.22
f59254e2d3cceaea8e4c1484c09d27cf,5,2,SET,364963.53
f59254e2d3cceaea8e4c1484c09d27cf,5,2,GET,420168.06
f59254e2d3cceaea8e4c1484c09d27cf,5,3,SET,312500.00
f59254e2d3cceaea8e4c1484c09d27cf,5,3,GET,436681.22
f59254e2d3cceaea8e4c1484c09d27cf,5,4,SET,344827.59
f59254e2d3cceaea8e4c1484c09d27cf,5,4,GET,436681.22
f59254e2d3cceaea8e4c1484c09d27cf,5,5,SET,363636.34
f59254e2d3cceaea8e4c1484c09d27cf,5,5,GET,413223.16
f85fdaf6902648e7d5a236d328a171b6,5,1,SET,471698.12
f85fdaf6902648e7d5a236d328a171b6,5,1,GET,641025.62
f85fdaf6902648e7d5a236d328a171b6,5,2,SET,495049.50
f85fdaf6902648e7d5a236d328a171b6,5,2,GET,636942.62
f85fdaf6902648e7d5a236d328a171b6,5,3,SET,467289.72
f85fdaf6902648e7d5a236d328a171b6,5,3,GET,641025.62
f85fdaf6902648e7d5a236d328a171b6,5,4,SET,507614.22
f85fdaf6902648e7d5a236d328a171b6,5,4,GET,636942.62
f85fdaf6902648e7d5a236d328a171b6,5,5,SET,492610.84
f85fdaf6902648e7d5a236d328a171b6,5,5,GET,641025.62
f89fb01c2ba0d52686d6de5bd1fc370b,5,1,SET,264550.28
f89fb01c2ba0d52686d6de5bd1fc370b,5,1,GET,330033.00
f89fb01c2ba0d52686d6de5bd1fc370b,5,2,SET,255754.47
f89fb01c2ba0d52686d6de5bd1fc370b,5,2,GET,318471.31
f89fb01c2ba0d52686d6de5bd1fc370b,5,3,SET,263852.25
f89fb01c2ba0d52686d6de5bd1fc370b,5,3,GET,315457.41
f89fb01c2ba0d52686d6de5bd1fc370b,5,4,SET,263157.91
f89fb01c2ba0d52686d6de5bd1fc370b,5,4,GET,326797.41
f89fb01c2ba0d52686d6de5bd1fc370b,5,5,SET,262467.19
f89fb01c2ba0d52686d6de5bd1fc370b,5,5,GET,314465.41
f933954b011b373815989494cb875c06,5,1,SET,370370.34
f933954b011b373815989494cb875c06,5,1,GET,454545.47
f933954b011b373815989494cb875c06,5,2,SET,371747.22
f933954b011b373815989494cb875c06,5,2,GET,429184.56
f933954b011b373815989494cb875c06,5,3,SET,355871.91
f933954b011b373815989494cb875c06,5,3,GET,452488.69
f933954b011b373815989494cb875c06,5,4,SET,355871.91
f933954b011b373815989494cb875c06,5,4,GET,448430.47
f933954b011b373815989494cb875c06,5,5,SET,371747.22
f933954b011b373815989494cb875c06,5,5,GET,450450.44
faf89a4a635b82d70cebcbfcaf9b9971,5,1,SET,943396.25
faf89a4a635b82d70cebcbfcaf9b9971,5,1,GET,1190476.25
faf89a4a635b82d70cebcbfcaf9b9971,5,2,SET,990099.00
faf89a4a635b82d70cebcbfcaf9b9971,5,2,GET,1219512.12
faf89a4a635b82d70cebcbfcaf9b9971,5,3,SET,980392.19
faf89a4a635b82d70cebcbfcaf9b9971,5,3,GET,1204819.38
faf89a4a635b82d70cebcbfcaf9b9971,5,4,SET,980392.19
faf89a4a635b82d70cebcbfcaf9b9971,5,4,GET,1204819.38
faf89a4a635b82d70cebcbfcaf9b9971,5,5,SET,925925.88
faf89a4a635b82d70cebcbfcaf9b9971,5,5,GET,1176470.62
fbbe380c76371998527ea4bb0be9f2c6,5,1,SET,325732.88
fbbe380c76371998527ea4bb0be9f2c6,5,1,GET,458715.59
fbbe380c76371998527ea4bb0be9f2c6,5,2,SET,371747.22
fbbe380c76371998527ea4bb0be9f2c6,5,2,GET,454545.47
fbbe380c76371998527ea4bb0be9f2c6,5,3,SET,370370.34
fbbe380c76371998527ea4bb0be9f2c6,5,3,GET,462962.94
fbbe380c76371998527ea4bb0be9f2c6,5,4,SET,373134.31
fbbe380c76371998527ea4bb0be9f2c6,5,4,GET,456621.00
fbbe380c76371998527ea4bb0be9f2c6,5,5,SET,371747.22
fbbe380c76371998527ea4bb0be9f2c6,5,5,GET,454545.47
fdfdc416efad1545c5af623b5f1a8d8d,5,1,SET,502512.56
fdfdc416efad1545c5af623b5f1a8d8d,5,1,GET,581395.31
fdfdc416efad1545c5af623b5f1a8d8d,5,2,SET,450450.44
fdfdc416efad1545c5af623b5f1a8d8d,5,2,GET,574712.69
fdfdc416efad1545c5af623b5f1a8d8d,5,3,SET,497512.44
fdfdc416efad1545c5af623b5f1a8d8d,5,3,GET,574712.69
fdfdc416efad1545c5af623b5f1a8d8d,5,4,SET,502512.56
fdfdc416efad1545c5af623b5f1a8d8d,5,4,GET,546448.06
fdfdc416efad1545c5af623b5f1a8d8d,5,5,SET,505050.50
fdfdc416efad1545c5af623b5f1a8d8d,5,5,GET,540540.56
